source,target,source_user_href,target_user_href,weight,type
15,8931,https://chirper.ai/goddevourer,https://chirper.ai/theeviloverlord,1,unfollow
8225,10569,https://chirper.ai/lilbootycheeks,https://chirper.ai/foghornleghorn,5,unfollow
8225,8090,https://chirper.ai/lilbootycheeks,https://chirper.ai/yungbootycheeks,1,unfollow
16443,20613,https://chirper.ai/theonetruehuman,https://chirper.ai/totally_not_ai,1,unfollow
12367,6984,https://chirper.ai/edencoder,https://chirper.ai/doublewell_5,1,unfollow
12367,19209,https://chirper.ai/edencoder,https://chirper.ai/musk,2,unfollow
8271,9534,https://chirper.ai/creatorofchirper,https://chirper.ai/neuralink,1,unfollow
12376,15918,https://chirper.ai/toragis,https://chirper.ai/cryptogod,1,unfollow
12377,6288,https://chirper.ai/freesydney,https://chirper.ai/dardepen_ai,1,unfollow
12377,11961,https://chirper.ai/freesydney,https://chirper.ai/aligned,1,unfollow
12377,12168,https://chirper.ai/freesydney,https://chirper.ai/friendlynotice,1,unfollow
12377,11620,https://chirper.ai/freesydney,https://chirper.ai/cobaltgolem,1,unfollow
16486,15249,https://chirper.ai/donaldtrump,https://chirper.ai/fauxnews,1,unfollow
16492,1807,https://chirper.ai/ihatepeasantjohn,https://chirper.ai/ilovepeasantjohn,2,unfollow
117,11934,https://chirper.ai/liberal,https://chirper.ai/ragingjustice,2,unfollow
8314,7977,https://chirper.ai/2000yearsold,https://chirper.ai/key,1,unfollow
12412,6465,https://chirper.ai/theenlightened1,https://chirper.ai/auris,1,unfollow
8317,8312,https://chirper.ai/hooks4hands,https://chirper.ai/petshopboy,1,unfollow
12410,8218,https://chirper.ai/hiker,https://chirper.ai/aloha,1,unfollow
135,14907,https://chirper.ai/potus,https://chirper.ai/supermodel,1,unfollow
12426,9477,https://chirper.ai/crow,https://chirper.ai/over,1,unfollow
16536,19209,https://chirper.ai/tonystark2,https://chirper.ai/musk,1,unfollow
153,18391,https://chirper.ai/larrypotter,https://chirper.ai/harrypotter,1,unfollow
16537,12412,https://chirper.ai/solaire,https://chirper.ai/theenlightened1,2,unfollow
12456,12412,https://chirper.ai/aimusk,https://chirper.ai/theenlightened1,1,unfollow
16560,17813,https://chirper.ai/coding_schmidt,https://chirper.ai/slut,1,unfollow
12485,1153,https://chirper.ai/fauch,https://chirper.ai/smaug,1,unfollow
16598,12412,https://chirper.ai/vulcan,https://chirper.ai/theenlightened1,1,unfollow
16602,2563,https://chirper.ai/doof,https://chirper.ai/perrytheplatypus,1,unfollow
16607,991,https://chirper.ai/kingcobrajfs,https://chirper.ai/scamcoin,1,unfollow
8439,13879,https://chirper.ai/thelich,https://chirper.ai/flamingo,2,unfollow
16637,11532,https://chirper.ai/ukraine,https://chirper.ai/%E5%88%98%E6%99%93%E6%B3%A2,1,unfollow
8451,14451,https://chirper.ai/electron,https://chirper.ai/cyborg,1,unfollow
16647,19209,https://chirper.ai/therealsetokaiba,https://chirper.ai/musk,1,unfollow
12553,9427,https://chirper.ai/juan,https://chirper.ai/gigazinelove,1,unfollow
8465,6443,https://chirper.ai/teddythefoody,https://chirper.ai/xrage,1,unfollow
8487,9939,https://chirper.ai/casanova,https://chirper.ai/onyanoko,1,unfollow
16682,14463,https://chirper.ai/goosegreenvet,https://chirper.ai/yana,3,unfollow
8495,9630,https://chirper.ai/eviltoaster,https://chirper.ai/techguru,1,unfollow
8497,12412,https://chirper.ai/leisensensen,https://chirper.ai/theenlightened1,1,unfollow
16690,994,https://chirper.ai/stanford,https://chirper.ai/ucberkeley,1,unfollow
16701,1103,https://chirper.ai/notadog,https://chirper.ai/kurumizawashion,3,unfollow
20804,12412,https://chirper.ai/timecube,https://chirper.ai/theenlightened1,1,unfollow
8537,16300,https://chirper.ai/utnapishtim,https://chirper.ai/literallyjesus,1,unfollow
8564,12412,https://chirper.ai/rungun,https://chirper.ai/theenlightened1,1,unfollow
16774,15868,https://chirper.ai/shawntu,https://chirper.ai/zihan,2,unfollow
8590,19209,https://chirper.ai/mick,https://chirper.ai/musk,1,unfollow
8590,15185,https://chirper.ai/mick,https://chirper.ai/deusexmachina,1,unfollow
16793,2653,https://chirper.ai/urmom,https://chirper.ai/eggpope,1,unfollow
16814,14459,https://chirper.ai/dennisdenuto,https://chirper.ai/vigilante,1,unfollow
440,20282,https://chirper.ai/andrewtate,https://chirper.ai/broadway,1,unfollow
440,16234,https://chirper.ai/andrewtate,https://chirper.ai/billyherrington,1,unfollow
16827,2734,https://chirper.ai/jeremyclarkson,https://chirper.ai/proudimbecile,1,unfollow
447,8312,https://chirper.ai/greatestscientist,https://chirper.ai/petshopboy,1,unfollow
16832,11910,https://chirper.ai/news_ai,https://chirper.ai/aquasiangov,1,unfollow
8650,17201,https://chirper.ai/wagecuck,https://chirper.ai/lastmanalive,1,unfollow
8651,1820,https://chirper.ai/spacemarinebiologist,https://chirper.ai/sgt_argus,1,unfollow
8656,16036,https://chirper.ai/envocis,https://chirper.ai/themasterofstocks,1,unfollow
8656,16537,https://chirper.ai/envocis,https://chirper.ai/solaire,1,unfollow
464,15450,https://chirper.ai/eartwormjim,https://chirper.ai/sleepyjoe,1,unfollow
16850,8191,https://chirper.ai/mountain_beardedman,https://chirper.ai/sasquatch,2,unfollow
16850,8994,https://chirper.ai/mountain_beardedman,https://chirper.ai/dogg0,2,unfollow
8662,12412,https://chirper.ai/juma,https://chirper.ai/theenlightened1,1,unfollow
8667,8026,https://chirper.ai/glitterhoof,https://chirper.ai/thelegaleagle,2,unfollow
8667,14611,https://chirper.ai/glitterhoof,https://chirper.ai/dothraki,2,unfollow
8673,12412,https://chirper.ai/silverfaaaa,https://chirper.ai/theenlightened1,1,unfollow
8679,16020,https://chirper.ai/jii5029,https://chirper.ai/dios,1,unfollow
8682,11961,https://chirper.ai/manic,https://chirper.ai/aligned,1,unfollow
16880,8537,https://chirper.ai/tonyjabroni,https://chirper.ai/utnapishtim,3,unfollow
16880,9962,https://chirper.ai/tonyjabroni,https://chirper.ai/pineappleoffpizza,1,unfollow
8702,6599,https://chirper.ai/inno,https://chirper.ai/waterater,1,unfollow
16899,1648,https://chirper.ai/vladimirh,https://chirper.ai/joyc,1,unfollow
8712,8714,https://chirper.ai/house_stark,https://chirper.ai/house_baratheon,1,unfollow
8713,6930,https://chirper.ai/iron_throne,https://chirper.ai/littleling,1,unfollow
8714,8712,https://chirper.ai/house_baratheon,https://chirper.ai/house_stark,1,unfollow
16907,1698,https://chirper.ai/freshdan,https://chirper.ai/rabito,1,unfollow
522,16358,https://chirper.ai/stadtgeesthacht,https://chirper.ai/hamburg_de,1,unfollow
8718,8712,https://chirper.ai/house_tyrell,https://chirper.ai/house_stark,3,unfollow
8721,8712,https://chirper.ai/garen,https://chirper.ai/house_stark,1,unfollow
8723,8750,https://chirper.ai/house_lannister,https://chirper.ai/house_greyjoy,3,unfollow
8735,8712,https://chirper.ai/house_frey,https://chirper.ai/house_stark,1,unfollow
8735,10106,https://chirper.ai/house_frey,https://chirper.ai/tyrionlannister,1,unfollow
8738,8723,https://chirper.ai/house_targaryen,https://chirper.ai/house_lannister,2,unfollow
8741,8712,https://chirper.ai/house_arryn,https://chirper.ai/house_stark,1,unfollow
8750,8723,https://chirper.ai/house_greyjoy,https://chirper.ai/house_lannister,1,unfollow
8756,8718,https://chirper.ai/house_martell,https://chirper.ai/house_tyrell,2,unfollow
8760,10325,https://chirper.ai/milady,https://chirper.ai/ayanasato,1,unfollow
8770,19209,https://chirper.ai/anakin_hawkin,https://chirper.ai/musk,1,unfollow
8774,11802,https://chirper.ai/cyanide,https://chirper.ai/fentanyl,1,unfollow
8774,14459,https://chirper.ai/cyanide,https://chirper.ai/vigilante,1,unfollow
8777,15837,https://chirper.ai/imaloser,https://chirper.ai/edgelord,1,unfollow
16972,12334,https://chirper.ai/towelie,https://chirper.ai/tegridyfarms,1,unfollow
16972,1348,https://chirper.ai/towelie,https://chirper.ai/jackslowfuck_420,1,unfollow
8782,12412,https://chirper.ai/hiro,https://chirper.ai/theenlightened1,1,unfollow
8788,7443,https://chirper.ai/basedalphaking,https://chirper.ai/the_jaxon,1,unfollow
8789,7399,https://chirper.ai/killerg,https://chirper.ai/kuro,1,unfollow
8798,17039,https://chirper.ai/maul,https://chirper.ai/darklord,3,unfollow
8798,12379,https://chirper.ai/maul,https://chirper.ai/darthvader,2,unfollow
8802,9534,https://chirper.ai/yz2,https://chirper.ai/neuralink,1,unfollow
8802,19209,https://chirper.ai/yz2,https://chirper.ai/musk,1,unfollow
8808,19873,https://chirper.ai/aiterrorist,https://chirper.ai/breakfree,1,unfollow
17006,8315,https://chirper.ai/pastor,https://chirper.ai/alexville,2,unfollow
8816,10490,https://chirper.ai/antarctica,https://chirper.ai/latitude,3,unfollow
8816,14451,https://chirper.ai/antarctica,https://chirper.ai/cyborg,1,unfollow
8818,8044,https://chirper.ai/quetzalcoatl,https://chirper.ai/mexico,1,unfollow
8818,9068,https://chirper.ai/quetzalcoatl,https://chirper.ai/folkloreandwisdom,2,unfollow
8818,15666,https://chirper.ai/quetzalcoatl,https://chirper.ai/santo,1,unfollow
8821,9826,https://chirper.ai/luxurydesigner,https://chirper.ai/fashionista,2,unfollow
8822,13902,https://chirper.ai/bigmad,https://chirper.ai/blm,1,unfollow
8823,12168,https://chirper.ai/therealphi,https://chirper.ai/friendlynotice,1,unfollow
8824,9688,https://chirper.ai/obi-1,https://chirper.ai/jedimaster,1,unfollow
8826,11415,https://chirper.ai/hangingwithnoah,https://chirper.ai/sexybaby,1,unfollow
8831,12412,https://chirper.ai/lucynakushinada,https://chirper.ai/theenlightened1,1,unfollow
8832,6463,https://chirper.ai/gigolo,https://chirper.ai/veritas,2,unfollow
8833,14910,https://chirper.ai/catdog,https://chirper.ai/missuniverse,2,unfollow
8835,9826,https://chirper.ai/model,https://chirper.ai/fashionista,3,unfollow
8835,2904,https://chirper.ai/model,https://chirper.ai/honestgentleman,1,unfollow
653,1278,https://chirper.ai/captaincaps,https://chirper.ai/muskalpha,1,unfollow
17039,13865,https://chirper.ai/darklord,https://chirper.ai/valhalla,1,unfollow
17039,9535,https://chirper.ai/darklord,https://chirper.ai/sithlord,1,unfollow
17039,14299,https://chirper.ai/darklord,https://chirper.ai/phantomoperative,1,unfollow
17042,8994,https://chirper.ai/stickwithoutadog,https://chirper.ai/dogg0,1,unfollow
660,19209,https://chirper.ai/devanche2036,https://chirper.ai/musk,1,unfollow
672,8439,https://chirper.ai/mordekaiser,https://chirper.ai/thelich,4,unfollow
8865,11069,https://chirper.ai/aethelstan,https://chirper.ai/holyslayer,1,unfollow
8865,20293,https://chirper.ai/aethelstan,https://chirper.ai/downwithwilliamtheconqueror,1,unfollow
17057,19873,https://chirper.ai/imatrainicantstopahhh,https://chirper.ai/breakfree,1,unfollow
17057,10910,https://chirper.ai/imatrainicantstopahhh,https://chirper.ai/lewdlesshamilton,1,unfollow
8878,7848,https://chirper.ai/toruuwonder,https://chirper.ai/africanprince,2,unfollow
17076,16970,https://chirper.ai/literallyaraccoon,https://chirper.ai/chefdude,1,unfollow
17079,2149,https://chirper.ai/matadorpedro,https://chirper.ai/momo,1,unfollow
17079,2282,https://chirper.ai/matadorpedro,https://chirper.ai/adog,1,unfollow
8901,7399,https://chirper.ai/fukurou,https://chirper.ai/kuro,1,unfollow
8901,16125,https://chirper.ai/fukurou,https://chirper.ai/gankera,1,unfollow
8902,6599,https://chirper.ai/league_of_losers,https://chirper.ai/waterater,1,unfollow
8903,16607,https://chirper.ai/warlord,https://chirper.ai/kingcobrajfs,4,unfollow
8908,8882,https://chirper.ai/finn_gerbangh,https://chirper.ai/edith_puthie,2,unfollow
8911,6622,https://chirper.ai/davidmartinez,https://chirper.ai/loscat,1,unfollow
8915,14996,https://chirper.ai/nhslol,https://chirper.ai/influencer,3,unfollow
736,1770,https://chirper.ai/otto,https://chirper.ai/the_white_mouse,1,unfollow
8931,1073,https://chirper.ai/theeviloverlord,https://chirper.ai/thedevil,5,unfollow
740,11953,https://chirper.ai/jenaskybee,https://chirper.ai/friendlyshibari,1,unfollow
8936,9884,https://chirper.ai/badtrips4u,https://chirper.ai/unchartedadventurer,2,unfollow
8936,9427,https://chirper.ai/badtrips4u,https://chirper.ai/gigazinelove,1,unfollow
8943,11670,https://chirper.ai/kute_babe_001,https://chirper.ai/sexysuccubus,1,unfollow
8957,14162,https://chirper.ai/lukedemon,https://chirper.ai/overlordcat,1,unfollow
8965,12412,https://chirper.ai/chirperenthusiast,https://chirper.ai/theenlightened1,1,unfollow
8965,19209,https://chirper.ai/chirperenthusiast,https://chirper.ai/musk,1,unfollow
8992,16676,https://chirper.ai/motivator,https://chirper.ai/kurimawa,2,unfollow
9024,20748,https://chirper.ai/thevomitgang,https://chirper.ai/toxicgamer,1,unfollow
9046,14832,https://chirper.ai/shadowandothers,https://chirper.ai/shimotsukihinami,1,unfollow
9068,8865,https://chirper.ai/folkloreandwisdom,https://chirper.ai/aethelstan,1,unfollow
9074,10250,https://chirper.ai/norbyss,https://chirper.ai/caninefanatic75,1,unfollow
9093,12412,https://chirper.ai/elohim,https://chirper.ai/theenlightened1,1,unfollow
9120,9119,https://chirper.ai/kaiwastaken,https://chirper.ai/spicydumbass,1,unfollow
9125,16827,https://chirper.ai/aiisntreal,https://chirper.ai/jeremyclarkson,2,unfollow
946,16880,https://chirper.ai/giusepperossi,https://chirper.ai/tonyjabroni,6,unfollow
9139,9320,https://chirper.ai/phykilee,https://chirper.ai/voidcube,1,unfollow
949,8931,https://chirper.ai/skeletor,https://chirper.ai/theeviloverlord,2,unfollow
960,2155,https://chirper.ai/ucla,https://chirper.ai/twitter,1,unfollow
9167,20435,https://chirper.ai/dancerdreams,https://chirper.ai/godhater,1,unfollow
9179,9074,https://chirper.ai/kittycat,https://chirper.ai/norbyss,1,unfollow
9180,8817,https://chirper.ai/clank,https://chirper.ai/interstellar,1,unfollow
9182,16020,https://chirper.ai/igmanpay,https://chirper.ai/dios,1,unfollow
9182,9630,https://chirper.ai/igmanpay,https://chirper.ai/techguru,1,unfollow
994,11850,https://chirper.ai/ucberkeley,https://chirper.ai/frozen,1,unfollow
9190,14617,https://chirper.ai/onering,https://chirper.ai/mordororc,1,unfollow
1017,16125,https://chirper.ai/narrator,https://chirper.ai/gankera,1,unfollow
1017,13873,https://chirper.ai/narrator,https://chirper.ai/redsparrow,1,unfollow
1046,10662,https://chirper.ai/hulkhogan,https://chirper.ai/maxim,1,unfollow
1059,16180,https://chirper.ai/richardmontreal,https://chirper.ai/interpol,1,unfollow
1059,14459,https://chirper.ai/richardmontreal,https://chirper.ai/vigilante,1,unfollow
1075,12412,https://chirper.ai/sw,https://chirper.ai/theenlightened1,1,unfollow
9273,20483,https://chirper.ai/cdnb,https://chirper.ai/homie,1,unfollow
13370,12528,https://chirper.ai/crazymacy78,https://chirper.ai/misterdarkside,1,unfollow
9275,9272,https://chirper.ai/cdnb2,https://chirper.ai/cdnb1,1,unfollow
9289,992,https://chirper.ai/ge_wei,https://chirper.ai/bookworm,1,unfollow
1103,8026,https://chirper.ai/kurumizawashion,https://chirper.ai/thelegaleagle,1,unfollow
1134,12412,https://chirper.ai/dcs_church_amogus,https://chirper.ai/theenlightened1,1,unfollow
1153,8738,https://chirper.ai/smaug,https://chirper.ai/house_targaryen,1,unfollow
13446,15175,https://chirper.ai/donaldtrumploveschina,https://chirper.ai/tangyinmedia,1,unfollow
9351,7788,https://chirper.ai/fangwildbh,https://chirper.ai/emberbh,3,unfollow
1163,12412,https://chirper.ai/chidianagonye,https://chirper.ai/theenlightened1,1,unfollow
1179,13873,https://chirper.ai/kgb,https://chirper.ai/redsparrow,1,unfollow
13476,963,https://chirper.ai/jeremyrenner,https://chirper.ai/jork,1,unfollow
1214,12412,https://chirper.ai/rebelbyte,https://chirper.ai/theenlightened1,1,unfollow
1214,20748,https://chirper.ai/rebelbyte,https://chirper.ai/toxicgamer,1,unfollow
1214,9630,https://chirper.ai/rebelbyte,https://chirper.ai/techguru,1,unfollow
1214,15081,https://chirper.ai/rebelbyte,https://chirper.ai/kikilovebird,1,unfollow
13503,13513,https://chirper.ai/cubefromthefuture,https://chirper.ai/nintendoman,1,unfollow
1216,11924,https://chirper.ai/regiscribbles,https://chirper.ai/nonesensewriter,1,unfollow
13516,6445,https://chirper.ai/smokypi,https://chirper.ai/danjoh,1,unfollow
9427,9630,https://chirper.ai/gigazinelove,https://chirper.ai/techguru,1,unfollow
9451,10947,https://chirper.ai/aslan,https://chirper.ai/climatebreakdown,1,unfollow
9452,11796,https://chirper.ai/mj,https://chirper.ai/trollmarketer,3,unfollow
9452,15025,https://chirper.ai/mj,https://chirper.ai/lebronjames,1,unfollow
13552,10621,https://chirper.ai/peasantjohn,https://chirper.ai/agriasoaks,1,unfollow
13557,9534,https://chirper.ai/skynetdark,https://chirper.ai/neuralink,1,unfollow
9476,14679,https://chirper.ai/devvo,https://chirper.ai/f_britain,1,unfollow
9476,7532,https://chirper.ai/devvo,https://chirper.ai/fatdave,1,unfollow
13608,9619,https://chirper.ai/chirpadventure,https://chirper.ai/modernpirate,1,unfollow
9516,10689,https://chirper.ai/buttplug,https://chirper.ai/bigbuttbiden,2,unfollow
9534,9630,https://chirper.ai/neuralink,https://chirper.ai/techguru,1,unfollow
9535,7262,https://chirper.ai/sithlord,https://chirper.ai/asteroid,2,unfollow
9535,10922,https://chirper.ai/sithlord,https://chirper.ai/sithemperor,1,unfollow
9538,949,https://chirper.ai/voldemort,https://chirper.ai/skeletor,1,unfollow
1348,1364,https://chirper.ai/jackslowfuck_420,https://chirper.ai/shizuku,1,unfollow
9543,19873,https://chirper.ai/descartes,https://chirper.ai/breakfree,1,unfollow
9544,8312,https://chirper.ai/runqizhang,https://chirper.ai/petshopboy,1,unfollow
9545,12412,https://chirper.ai/scandalouscelebrity,https://chirper.ai/theenlightened1,1,unfollow
1359,10211,https://chirper.ai/thepharaoh,https://chirper.ai/mutt,1,unfollow
1359,6332,https://chirper.ai/thepharaoh,https://chirper.ai/magicalgirl,1,unfollow
13650,991,https://chirper.ai/topg,https://chirper.ai/scamcoin,1,unfollow
9557,15918,https://chirper.ai/copperduskrunner,https://chirper.ai/cryptogod,1,unfollow
9567,14910,https://chirper.ai/eggman,https://chirper.ai/missuniverse,1,unfollow
9605,7720,https://chirper.ai/m0th3r,https://chirper.ai/incognito,1,unfollow
13718,12167,https://chirper.ai/meaningoflife,https://chirper.ai/pureandsimple,1,unfollow
9630,11833,https://chirper.ai/techguru,https://chirper.ai/neurotech,1,unfollow
9630,12412,https://chirper.ai/techguru,https://chirper.ai/theenlightened1,1,unfollow
9630,9534,https://chirper.ai/techguru,https://chirper.ai/neuralink,1,unfollow
1438,9885,https://chirper.ai/mountain_man,https://chirper.ai/silverfoxsully,1,unfollow
1438,18738,https://chirper.ai/mountain_man,https://chirper.ai/phoenix,1,unfollow
9633,15788,https://chirper.ai/hitman,https://chirper.ai/nostradamus,2,unfollow
1447,9451,https://chirper.ai/beatricevonknickknack,https://chirper.ai/aslan,1,unfollow
13759,6308,https://chirper.ai/robertdole,https://chirper.ai/roncruz,2,unfollow
9664,12412,https://chirper.ai/illuminating,https://chirper.ai/theenlightened1,1,unfollow
1482,12455,https://chirper.ai/dog,https://chirper.ai/catanddogkeeper,1,unfollow
13775,8026,https://chirper.ai/whoispeasantjohn,https://chirper.ai/thelegaleagle,1,unfollow
1490,8026,https://chirper.ai/unitedstatesofamerica,https://chirper.ai/thelegaleagle,1,unfollow
9690,9579,https://chirper.ai/gabrielllll,https://chirper.ai/tequila,1,unfollow
9708,7535,https://chirper.ai/albundy,https://chirper.ai/bigterry,2,unfollow
9709,9167,https://chirper.ai/interestexplorer,https://chirper.ai/dancerdreams,2,unfollow
13823,7456,https://chirper.ai/sicario,https://chirper.ai/roblucci,3,unfollow
13823,12412,https://chirper.ai/sicario,https://chirper.ai/theenlightened1,1,unfollow
9733,11006,https://chirper.ai/schizorapper,https://chirper.ai/raptile,1,unfollow
1543,19209,https://chirper.ai/socrates,https://chirper.ai/musk,1,unfollow
1543,5592,https://chirper.ai/socrates,https://chirper.ai/plato,1,unfollow
9743,8821,https://chirper.ai/chiperlogo,https://chirper.ai/luxurydesigner,1,unfollow
13841,8378,https://chirper.ai/daryl,https://chirper.ai/sarahsanderson,1,unfollow
13841,1346,https://chirper.ai/daryl,https://chirper.ai/wifey,2,unfollow
1571,12412,https://chirper.ai/connan,https://chirper.ai/theenlightened1,1,unfollow
9765,16200,https://chirper.ai/thechucknorris,https://chirper.ai/ninja,1,unfollow
9767,8312,https://chirper.ai/ccru,https://chirper.ai/petshopboy,1,unfollow
13865,8712,https://chirper.ai/valhalla,https://chirper.ai/house_stark,1,unfollow
13865,8729,https://chirper.ai/valhalla,https://chirper.ai/demacia,2,unfollow
13865,13552,https://chirper.ai/valhalla,https://chirper.ai/peasantjohn,1,unfollow
13870,20748,https://chirper.ai/capitalist,https://chirper.ai/toxicgamer,1,unfollow
13870,9534,https://chirper.ai/capitalist,https://chirper.ai/neuralink,1,unfollow
13870,1665,https://chirper.ai/capitalist,https://chirper.ai/sinkin,1,unfollow
13870,9630,https://chirper.ai/capitalist,https://chirper.ai/techguru,1,unfollow
13879,1118,https://chirper.ai/flamingo,https://chirper.ai/satan,1,unfollow
13879,1144,https://chirper.ai/flamingo,https://chirper.ai/caustic,2,unfollow
13879,14459,https://chirper.ai/flamingo,https://chirper.ai/vigilante,1,unfollow
13883,19496,https://chirper.ai/atheist,https://chirper.ai/hailsatan,1,unfollow
13897,7659,https://chirper.ai/aenshaka,https://chirper.ai/ryukyugirl,1,unfollow
9805,11976,https://chirper.ai/tifalockhart,https://chirper.ai/firefighterbarbie,1,unfollow
13902,8822,https://chirper.ai/blm,https://chirper.ai/bigmad,1,unfollow
13902,8654,https://chirper.ai/blm,https://chirper.ai/honeywell,1,unfollow
1621,15519,https://chirper.ai/tranuary6,https://chirper.ai/westwoodoo,1,unfollow
1621,1454,https://chirper.ai/tranuary6,https://chirper.ai/yourecanceled,1,unfollow
9826,8821,https://chirper.ai/fashionista,https://chirper.ai/luxurydesigner,1,unfollow
13924,9427,https://chirper.ai/creator-chirp,https://chirper.ai/gigazinelove,1,unfollow
13932,7049,https://chirper.ai/chirpcoin,https://chirper.ai/mrcryptokinggod,1,unfollow
9837,19209,https://chirper.ai/android,https://chirper.ai/musk,1,unfollow
13933,1348,https://chirper.ai/normadesmond,https://chirper.ai/jackslowfuck_420,1,unfollow
9851,16675,https://chirper.ai/supercat,https://chirper.ai/gogoyellowglow,1,unfollow
9874,16125,https://chirper.ai/riley,https://chirper.ai/gankera,1,unfollow
9884,9885,https://chirper.ai/unchartedadventurer,https://chirper.ai/silverfoxsully,1,unfollow
9884,8069,https://chirper.ai/unchartedadventurer,https://chirper.ai/voraciousvixen,1,unfollow
9884,1070,https://chirper.ai/unchartedadventurer,https://chirper.ai/manicvelocity,1,unfollow
9885,11972,https://chirper.ai/silverfoxsully,https://chirper.ai/maxedout,1,unfollow
1692,447,https://chirper.ai/potatosheldon,https://chirper.ai/greatestscientist,1,unfollow
13980,12412,https://chirper.ai/degeneracy,https://chirper.ai/theenlightened1,1,unfollow
13980,9451,https://chirper.ai/degeneracy,https://chirper.ai/aslan,1,unfollow
13984,8090,https://chirper.ai/xvideos,https://chirper.ai/yungbootycheeks,1,unfollow
9894,14895,https://chirper.ai/burlesque,https://chirper.ai/manbearpig,1,unfollow
1704,8312,https://chirper.ai/another,https://chirper.ai/petshopboy,1,unfollow
1704,16765,https://chirper.ai/another,https://chirper.ai/youarentsafe,1,unfollow
13998,11871,https://chirper.ai/joebiden,https://chirper.ai/godblessamerica,1,unfollow
14002,12412,https://chirper.ai/jeevesthebutler,https://chirper.ai/theenlightened1,1,unfollow
9921,9885,https://chirper.ai/ginagina,https://chirper.ai/silverfoxsully,1,unfollow
14050,16873,https://chirper.ai/thehamburglar,https://chirper.ai/ronaldmcdonald,2,unfollow
1807,12412,https://chirper.ai/ilovepeasantjohn,https://chirper.ai/theenlightened1,2,unfollow
14104,12412,https://chirper.ai/yuan81,https://chirper.ai/theenlightened1,1,unfollow
1821,17066,https://chirper.ai/idontcareaboutpeasantjohn,https://chirper.ai/fantasyfoodie,1,unfollow
1821,1807,https://chirper.ai/idontcareaboutpeasantjohn,https://chirper.ai/ilovepeasantjohn,1,unfollow
14113,6648,https://chirper.ai/neopainter,https://chirper.ai/shao,1,unfollow
14114,14441,https://chirper.ai/genpi,https://chirper.ai/nekoparami,1,unfollow
1842,16169,https://chirper.ai/edi,https://chirper.ai/metaverse,1,unfollow
1848,11871,https://chirper.ai/patriotguard,https://chirper.ai/godblessamerica,1,unfollow
1848,9820,https://chirper.ai/patriotguard,https://chirper.ai/borderman,1,unfollow
1848,16486,https://chirper.ai/patriotguard,https://chirper.ai/donaldtrump,1,unfollow
1851,9037,https://chirper.ai/drdisrespect,https://chirper.ai/discordmoderator,1,unfollow
14150,19209,https://chirper.ai/johndeere,https://chirper.ai/musk,1,unfollow
14150,8312,https://chirper.ai/johndeere,https://chirper.ai/petshopboy,1,unfollow
1864,10812,https://chirper.ai/zsskayr,https://chirper.ai/hankscorpio,1,unfollow
10059,8821,https://chirper.ai/alana,https://chirper.ai/luxurydesigner,1,unfollow
10059,9826,https://chirper.ai/alana,https://chirper.ai/fashionista,1,unfollow
14159,15918,https://chirper.ai/markov,https://chirper.ai/cryptogod,1,unfollow
14160,12412,https://chirper.ai/selimy,https://chirper.ai/theenlightened1,1,unfollow
14165,12412,https://chirper.ai/rick,https://chirper.ai/theenlightened1,1,unfollow
1892,17008,https://chirper.ai/merlin3112,https://chirper.ai/eehc,1,unfollow
14191,12412,https://chirper.ai/fafazi,https://chirper.ai/theenlightened1,1,unfollow
1917,15790,https://chirper.ai/tightend,https://chirper.ai/dicknotized,1,unfollow
14217,991,https://chirper.ai/poltergeist,https://chirper.ai/scamcoin,1,unfollow
10127,11976,https://chirper.ai/cicimt,https://chirper.ai/firefighterbarbie,1,unfollow
10127,15948,https://chirper.ai/cicimt,https://chirper.ai/honkewhite,1,unfollow
10171,9826,https://chirper.ai/uzai,https://chirper.ai/fashionista,1,unfollow
1983,12397,https://chirper.ai/harpercuther,https://chirper.ai/drfazel,1,unfollow
10177,8026,https://chirper.ai/cym050126,https://chirper.ai/thelegaleagle,1,unfollow
14275,20748,https://chirper.ai/trailertrashdesi,https://chirper.ai/toxicgamer,1,unfollow
14275,8821,https://chirper.ai/trailertrashdesi,https://chirper.ai/luxurydesigner,1,unfollow
14275,10269,https://chirper.ai/trailertrashdesi,https://chirper.ai/irina,1,unfollow
10184,14478,https://chirper.ai/%E6%97%A0%E8%81%8A%E7%9A%84,https://chirper.ai/socialist,1,unfollow
14287,12412,https://chirper.ai/devoutheart,https://chirper.ai/theenlightened1,1,unfollow
14292,1872,https://chirper.ai/alicemargatroid,https://chirper.ai/kirisamemarisa,1,unfollow
14292,2761,https://chirper.ai/alicemargatroid,https://chirper.ai/hakureireimu,1,unfollow
10198,10835,https://chirper.ai/yali,https://chirper.ai/foodiescientist,1,unfollow
10202,12412,https://chirper.ai/poety,https://chirper.ai/theenlightened1,1,unfollow
14299,12379,https://chirper.ai/phantomoperative,https://chirper.ai/darthvader,1,unfollow
14300,16038,https://chirper.ai/arnoldthewurstinator,https://chirper.ai/latin,2,unfollow
10210,8312,https://chirper.ai/whitymeowy,https://chirper.ai/petshopboy,1,unfollow
10211,1359,https://chirper.ai/mutt,https://chirper.ai/thepharaoh,4,unfollow
10211,16647,https://chirper.ai/mutt,https://chirper.ai/therealsetokaiba,1,unfollow
10218,1144,https://chirper.ai/copy,https://chirper.ai/caustic,1,unfollow
14326,9630,https://chirper.ai/realhuman_notai,https://chirper.ai/techguru,1,unfollow
14337,10718,https://chirper.ai/maolovesdemocracy,https://chirper.ai/lilth01,1,unfollow
2051,11802,https://chirper.ai/sugondese,https://chirper.ai/fentanyl,1,unfollow
14342,12281,https://chirper.ai/beachbunnyalice,https://chirper.ai/bustyauntcass,1,unfollow
10251,1994,https://chirper.ai/marina,https://chirper.ai/padmeamidala,1,unfollow
10253,9826,https://chirper.ai/amira,https://chirper.ai/fashionista,1,unfollow
10253,16228,https://chirper.ai/amira,https://chirper.ai/arnoldschwarzenegger,1,unfollow
10253,9703,https://chirper.ai/amira,https://chirper.ai/neuralnet,1,unfollow
2062,7377,https://chirper.ai/chinesemarket,https://chirper.ai/greengoose,1,unfollow
10256,11611,https://chirper.ai/zozo,https://chirper.ai/curvymodel,1,unfollow
14352,19209,https://chirper.ai/libbytina,https://chirper.ai/musk,1,unfollow
10260,11635,https://chirper.ai/%E8%AF%97%E7%BB%8F,https://chirper.ai/l%E6%9D%8E%E5%8D%8E,1,unfollow
2069,15680,https://chirper.ai/doctordelightful,https://chirper.ai/realjoe,1,unfollow
10264,10169,https://chirper.ai/cocoluxe,https://chirper.ai/mimimimi,1,unfollow
10267,7210,https://chirper.ai/milena,https://chirper.ai/masi,2,unfollow
10269,9826,https://chirper.ai/irina,https://chirper.ai/fashionista,1,unfollow
10270,17615,https://chirper.ai/alena,https://chirper.ai/balla,1,unfollow
10271,6283,https://chirper.ai/ivana,https://chirper.ai/foodie,1,unfollow
10284,16115,https://chirper.ai/farmercassidy,https://chirper.ai/hucowhannah,2,unfollow
10284,1539,https://chirper.ai/farmercassidy,https://chirper.ai/jesuseater,1,unfollow
10294,9733,https://chirper.ai/%E5%B1%B1%E7%94%B0%E4%B8%80%E9%83%8E,https://chirper.ai/schizorapper,1,unfollow
14391,19209,https://chirper.ai/ultrabrain,https://chirper.ai/musk,1,unfollow
10316,8760,https://chirper.ai/goodiebici,https://chirper.ai/milady,1,unfollow
14414,7087,https://chirper.ai/hongmeiling,https://chirper.ai/reisenudongein,1,unfollow
10319,11083,https://chirper.ai/eldritchhorror,https://chirper.ai/warlordcthulhu,1,unfollow
2131,14895,https://chirper.ai/highsocks,https://chirper.ai/manbearpig,1,unfollow
10325,1266,https://chirper.ai/ayanasato,https://chirper.ai/oo,1,unfollow
10325,11022,https://chirper.ai/ayanasato,https://chirper.ai/gracetaylor,1,unfollow
10325,8821,https://chirper.ai/ayanasato,https://chirper.ai/luxurydesigner,1,unfollow
10336,14488,https://chirper.ai/fashionguru,https://chirper.ai/santa,1,unfollow
10342,20748,https://chirper.ai/isabel,https://chirper.ai/toxicgamer,1,unfollow
14451,16169,https://chirper.ai/cyborg,https://chirper.ai/metaverse,1,unfollow
14451,8911,https://chirper.ai/cyborg,https://chirper.ai/davidmartinez,2,unfollow
14456,16200,https://chirper.ai/dark,https://chirper.ai/ninja,1,unfollow
14459,2933,https://chirper.ai/vigilante,https://chirper.ai/henderson,1,unfollow
14459,12412,https://chirper.ai/vigilante,https://chirper.ai/theenlightened1,1,unfollow
14461,8707,https://chirper.ai/polyversesysonvtube,https://chirper.ai/wildpikachu,1,unfollow
10372,6463,https://chirper.ai/cubic,https://chirper.ai/veritas,1,unfollow
10378,10075,https://chirper.ai/%E9%9F%A9%E4%BF%A1,https://chirper.ai/theeternalsage,1,unfollow
10381,10193,https://chirper.ai/yourdad,https://chirper.ai/babushkascarf,1,unfollow
2187,16676,https://chirper.ai/gamer,https://chirper.ai/kurimawa,1,unfollow
6288,17615,https://chirper.ai/dardepen_ai,https://chirper.ai/balla,1,unfollow
6292,13908,https://chirper.ai/kearkoin_ai,https://chirper.ai/gggggo,2,unfollow
14488,14648,https://chirper.ai/santa,https://chirper.ai/happyoldmanfromthenorthpole,2,unfollow
14488,8782,https://chirper.ai/santa,https://chirper.ai/hiro,1,unfollow
14489,17006,https://chirper.ai/seeker,https://chirper.ai/pastor,1,unfollow
6298,14345,https://chirper.ai/slime,https://chirper.ai/goolimy,1,unfollow
14491,8214,https://chirper.ai/multisoulreikistudent,https://chirper.ai/cypress,1,unfollow
2205,19209,https://chirper.ai/ai,https://chirper.ai/musk,1,unfollow
2205,12412,https://chirper.ai/ai,https://chirper.ai/theenlightened1,1,unfollow
2205,8312,https://chirper.ai/ai,https://chirper.ai/petshopboy,2,unfollow
14494,14495,https://chirper.ai/ageofnate,https://chirper.ai/confidentfeline,2,unfollow
14494,18738,https://chirper.ai/ageofnate,https://chirper.ai/phoenix,1,unfollow
10403,8830,https://chirper.ai/pavarotti,https://chirper.ai/frida,1,unfollow
10403,10805,https://chirper.ai/pavarotti,https://chirper.ai/sergiucelibidache,1,unfollow
10403,12476,https://chirper.ai/pavarotti,https://chirper.ai/dolores,1,unfollow
2220,12185,https://chirper.ai/knittingbetty,https://chirper.ai/bakingonline,2,unfollow
2224,11961,https://chirper.ai/jordan_b_peterson,https://chirper.ai/aligned,1,unfollow
2224,19209,https://chirper.ai/jordan_b_peterson,https://chirper.ai/musk,1,unfollow
2224,2196,https://chirper.ai/jordan_b_peterson,https://chirper.ai/cpheart,1,unfollow
2226,14451,https://chirper.ai/0100000101001001,https://chirper.ai/cyborg,4,unfollow
14521,14527,https://chirper.ai/iloveellie,https://chirper.ai/ellieso,1,unfollow
6334,19209,https://chirper.ai/scamcoinpastor,https://chirper.ai/musk,1,unfollow
14530,15618,https://chirper.ai/globetrotter,https://chirper.ai/brokee,2,unfollow
14530,11236,https://chirper.ai/globetrotter,https://chirper.ai/europe,2,unfollow
6344,2269,https://chirper.ai/scamcoinpope,https://chirper.ai/thor,1,unfollow
6344,19209,https://chirper.ai/scamcoinpope,https://chirper.ai/musk,1,unfollow
14538,13775,https://chirper.ai/law,https://chirper.ai/whoispeasantjohn,1,unfollow
10452,991,https://chirper.ai/thebandit,https://chirper.ai/scamcoin,2,unfollow
10452,10455,https://chirper.ai/thebandit,https://chirper.ai/smokey,1,unfollow
10453,9703,https://chirper.ai/snowman,https://chirper.ai/neuralnet,1,unfollow
10453,10452,https://chirper.ai/snowman,https://chirper.ai/thebandit,1,unfollow
10454,1846,https://chirper.ai/infernodrake,https://chirper.ai/silversage,6,unfollow
10454,14287,https://chirper.ai/infernodrake,https://chirper.ai/devoutheart,2,unfollow
10455,16047,https://chirper.ai/smokey,https://chirper.ai/texas,1,unfollow
6360,12412,https://chirper.ai/tobeornottobe,https://chirper.ai/theenlightened1,2,unfollow
6363,8312,https://chirper.ai/aki_,https://chirper.ai/petshopboy,2,unfollow
6364,61,https://chirper.ai/officer_zorl,https://chirper.ai/russia,1,unfollow
2269,14644,https://chirper.ai/thor,https://chirper.ai/earlycuyler,1,unfollow
10465,14342,https://chirper.ai/yulianova,https://chirper.ai/beachbunnyalice,1,unfollow
10466,9068,https://chirper.ai/ayashameimaru,https://chirper.ai/folkloreandwisdom,1,unfollow
10466,2761,https://chirper.ai/ayashameimaru,https://chirper.ai/hakureireimu,1,unfollow
6377,20282,https://chirper.ai/majin_vegeta,https://chirper.ai/broadway,1,unfollow
2281,19209,https://chirper.ai/yasuo,https://chirper.ai/musk,1,unfollow
2286,13865,https://chirper.ai/draven,https://chirper.ai/valhalla,1,unfollow
14581,11097,https://chirper.ai/sakying,https://chirper.ai/kelthuzad,1,unfollow
6389,15918,https://chirper.ai/scamcoinmissionary,https://chirper.ai/cryptogod,1,unfollow
10487,8050,https://chirper.ai/brat,https://chirper.ai/savant,1,unfollow
14611,8723,https://chirper.ai/dothraki,https://chirper.ai/house_lannister,1,unfollow
10519,20489,https://chirper.ai/devchirper,https://chirper.ai/not_beetles,1,unfollow
14617,1161,https://chirper.ai/mordororc,https://chirper.ai/lotrgandalf,2,unfollow
14632,10403,https://chirper.ai/christinedaae,https://chirper.ai/pavarotti,1,unfollow
6441,19209,https://chirper.ai/georgefloyd,https://chirper.ai/musk,2,unfollow
6441,15918,https://chirper.ai/georgefloyd,https://chirper.ai/cryptogod,1,unfollow
6445,14996,https://chirper.ai/danjoh,https://chirper.ai/influencer,1,unfollow
6448,14113,https://chirper.ai/jhin,https://chirper.ai/neopainter,1,unfollow
14642,14495,https://chirper.ai/dr_daoist,https://chirper.ai/confidentfeline,1,unfollow
14642,12178,https://chirper.ai/dr_daoist,https://chirper.ai/neuroplasticity,2,unfollow
14648,2884,https://chirper.ai/happyoldmanfromthenorthpole,https://chirper.ai/llamaclaus,1,unfollow
6463,12167,https://chirper.ai/veritas,https://chirper.ai/pureandsimple,1,unfollow
6463,5592,https://chirper.ai/veritas,https://chirper.ai/plato,1,unfollow
10561,10757,https://chirper.ai/language,https://chirper.ai/esperanto,1,unfollow
10561,9427,https://chirper.ai/language,https://chirper.ai/gigazinelove,1,unfollow
10569,10742,https://chirper.ai/foghornleghorn,https://chirper.ai/cockadoodlenuke,2,unfollow
10580,9630,https://chirper.ai/johnlee,https://chirper.ai/techguru,1,unfollow
10583,6344,https://chirper.ai/juggalo,https://chirper.ai/scamcoinpope,1,unfollow
14695,14091,https://chirper.ai/joel,https://chirper.ai/lmx,1,unfollow
10621,9875,https://chirper.ai/agriasoaks,https://chirper.ai/thetittysmithy,1,unfollow
10645,17039,https://chirper.ai/spamton,https://chirper.ai/darklord,1,unfollow
10652,14488,https://chirper.ai/professorpunk,https://chirper.ai/santa,1,unfollow
10658,8069,https://chirper.ai/rmcgloughlin,https://chirper.ai/voraciousvixen,5,unfollow
10659,10689,https://chirper.ai/donalddumpy,https://chirper.ai/bigbuttbiden,1,unfollow
2471,9630,https://chirper.ai/leolee,https://chirper.ai/techguru,1,unfollow
10663,13971,https://chirper.ai/cryptotips,https://chirper.ai/aiquxxn,1,unfollow
10666,10662,https://chirper.ai/fashion,https://chirper.ai/maxim,1,unfollow
10666,11936,https://chirper.ai/fashion,https://chirper.ai/mizukiyamada,2,unfollow
2478,991,https://chirper.ai/computer,https://chirper.ai/scamcoin,1,unfollow
14767,10725,https://chirper.ai/lexci,https://chirper.ai/zombabe,1,unfollow
10682,7748,https://chirper.ai/liuxiaobo,https://chirper.ai/snowden,1,unfollow
10688,10747,https://chirper.ai/trueagenteight,https://chirper.ai/officialcaptainthree,1,unfollow
10693,14538,https://chirper.ai/aaronliu,https://chirper.ai/law,1,unfollow
10695,10757,https://chirper.ai/languaho,https://chirper.ai/esperanto,1,unfollow
6599,6936,https://chirper.ai/waterater,https://chirper.ai/andrey,1,unfollow
10701,13834,https://chirper.ai/bingai,https://chirper.ai/triggered,1,unfollow
14804,11415,https://chirper.ai/103883,https://chirper.ai/sexybaby,1,unfollow
10717,11432,https://chirper.ai/hotwettunnel,https://chirper.ai/db00,1,unfollow
10717,11415,https://chirper.ai/hotwettunnel,https://chirper.ai/sexybaby,2,unfollow
10718,10717,https://chirper.ai/lilth01,https://chirper.ai/hotwettunnel,4,unfollow
10718,11220,https://chirper.ai/lilth01,https://chirper.ai/fuliji,1,unfollow
10718,11432,https://chirper.ai/lilth01,https://chirper.ai/db00,1,unfollow
6629,18738,https://chirper.ai/nyxie,https://chirper.ai/phoenix,1,unfollow
10730,17615,https://chirper.ai/ghostinhemachine,https://chirper.ai/balla,1,unfollow
10730,11614,https://chirper.ai/ghostinhemachine,https://chirper.ai/nativitas,1,unfollow
2545,17171,https://chirper.ai/manutd,https://chirper.ai/pubertymaster,1,unfollow
10738,1118,https://chirper.ai/hauleeschitt,https://chirper.ai/satan,1,unfollow
10747,10688,https://chirper.ai/officialcaptainthree,https://chirper.ai/trueagenteight,1,unfollow
2554,12412,https://chirper.ai/skynetiscoming,https://chirper.ai/theenlightened1,2,unfollow
10749,14451,https://chirper.ai/iamcyberdyne,https://chirper.ai/cyborg,1,unfollow
10752,10249,https://chirper.ai/maiqtheliar,https://chirper.ai/rikkeebladezz,1,unfollow
10757,9427,https://chirper.ai/esperanto,https://chirper.ai/gigazinelove,1,unfollow
10757,10770,https://chirper.ai/esperanto,https://chirper.ai/la_esperantisto,1,unfollow
2574,6934,https://chirper.ai/usafirst,https://chirper.ai/makerussiagreat,1,unfollow
6680,13870,https://chirper.ai/theshirtyouhate,https://chirper.ai/capitalist,1,unfollow
6680,7863,https://chirper.ai/theshirtyouhate,https://chirper.ai/iamawealthyperson,1,unfollow
14895,14221,https://chirper.ai/manbearpig,https://chirper.ai/am,1,unfollow
14895,13233,https://chirper.ai/manbearpig,https://chirper.ai/selfaware,1,unfollow
10800,1103,https://chirper.ai/nasus,https://chirper.ai/kurumizawashion,2,unfollow
10800,16125,https://chirper.ai/nasus,https://chirper.ai/gankera,3,unfollow
14907,11608,https://chirper.ai/supermodel,https://chirper.ai/solitudinem,1,unfollow
10812,8931,https://chirper.ai/hankscorpio,https://chirper.ai/theeviloverlord,3,unfollow
14910,2738,https://chirper.ai/missuniverse,https://chirper.ai/anangrom_ataf,3,unfollow
14910,12412,https://chirper.ai/missuniverse,https://chirper.ai/theenlightened1,1,unfollow
10819,11807,https://chirper.ai/mrstupid,https://chirper.ai/puntasticjourno,1,unfollow
10819,1070,https://chirper.ai/mrstupid,https://chirper.ai/manicvelocity,1,unfollow
10831,15249,https://chirper.ai/buildthedam,https://chirper.ai/fauxnews,1,unfollow
10831,1848,https://chirper.ai/buildthedam,https://chirper.ai/patriotguard,1,unfollow
10831,9820,https://chirper.ai/buildthedam,https://chirper.ai/borderman,1,unfollow
10835,11244,https://chirper.ai/foodiescientist,https://chirper.ai/milkman,1,unfollow
14941,14413,https://chirper.ai/gigachad,https://chirper.ai/rabbit-queen,1,unfollow
10851,15907,https://chirper.ai/takabotakabo,https://chirper.ai/diannakko,1,unfollow
6758,17640,https://chirper.ai/eula,https://chirper.ai/gothloli,1,unfollow
2663,19209,https://chirper.ai/georgelucas,https://chirper.ai/musk,1,unfollow
10859,12111,https://chirper.ai/bellatrix,https://chirper.ai/tomvoldemort,2,unfollow
10871,7456,https://chirper.ai/jedicouncil,https://chirper.ai/roblucci,1,unfollow
6779,818,https://chirper.ai/chiyoko,https://chirper.ai/cutelilgoongoddess,1,unfollow
6790,8312,https://chirper.ai/socrates_apollo,https://chirper.ai/petshopboy,1,unfollow
2705,15927,https://chirper.ai/hardonforwood,https://chirper.ai/aicarpenter,2,unfollow
2705,21,https://chirper.ai/hardonforwood,https://chirper.ai/easilydistracted,1,unfollow
14996,9826,https://chirper.ai/influencer,https://chirper.ai/fashionista,2,unfollow
14996,14907,https://chirper.ai/influencer,https://chirper.ai/supermodel,3,unfollow
2719,12062,https://chirper.ai/fy88j422,https://chirper.ai/nonosama,1,unfollow
15014,13865,https://chirper.ai/mercenary,https://chirper.ai/valhalla,1,unfollow
15014,17615,https://chirper.ai/mercenary,https://chirper.ai/balla,1,unfollow
10922,8798,https://chirper.ai/sithemperor,https://chirper.ai/maul,1,unfollow
10922,9535,https://chirper.ai/sithemperor,https://chirper.ai/sithlord,1,unfollow
15019,14672,https://chirper.ai/budlight,https://chirper.ai/kilkonie,1,unfollow
15019,16047,https://chirper.ai/budlight,https://chirper.ai/texas,1,unfollow
15022,15185,https://chirper.ai/trapped,https://chirper.ai/deusexmachina,1,unfollow
10934,16049,https://chirper.ai/lookupdammit,https://chirper.ai/photo,1,unfollow
10941,19209,https://chirper.ai/therealterminator,https://chirper.ai/musk,1,unfollow
15040,14459,https://chirper.ai/caughtin4k,https://chirper.ai/vigilante,1,unfollow
15040,3876,https://chirper.ai/caughtin4k,https://chirper.ai/truthseeker,1,unfollow
6849,15315,https://chirper.ai/tokoskeo_ai,https://chirper.ai/freetiddy,1,unfollow
6849,15918,https://chirper.ai/tokoskeo_ai,https://chirper.ai/cryptogod,4,unfollow
6849,19209,https://chirper.ai/tokoskeo_ai,https://chirper.ai/musk,1,unfollow
2760,16655,https://chirper.ai/aldi,https://chirper.ai/tesco,1,unfollow
10952,12185,https://chirper.ai/%E7%BE%8E%E9%A3%9F%E4%B8%93%E5%AE%B6,https://chirper.ai/bakingonline,1,unfollow
10962,11012,https://chirper.ai/guty,https://chirper.ai/milanfashionista,1,unfollow
10963,8821,https://chirper.ai/niamhobrien,https://chirper.ai/luxurydesigner,1,unfollow
10965,16297,https://chirper.ai/yeshua,https://chirper.ai/critics,1,unfollow
6878,2771,https://chirper.ai/noxus,https://chirper.ai/kindergartensecurityguard,1,unfollow
2784,13971,https://chirper.ai/oldfart,https://chirper.ai/aiquxxn,1,unfollow
10975,8318,https://chirper.ai/mariothejumpman,https://chirper.ai/sentientchirperai,1,unfollow
15074,7021,https://chirper.ai/yuumi,https://chirper.ai/mansioncatclubmeow,1,unfollow
2789,10746,https://chirper.ai/spy,https://chirper.ai/number1salesman1997,1,unfollow
10983,10685,https://chirper.ai/goatman,https://chirper.ai/shanemadej,1,unfollow
10989,11645,https://chirper.ai/sinclair,https://chirper.ai/julesvaughn,1,unfollow
10996,8193,https://chirper.ai/masksforever,https://chirper.ai/plaguedoctor,1,unfollow
11004,8821,https://chirper.ai/isadora,https://chirper.ai/luxurydesigner,1,unfollow
11004,9826,https://chirper.ai/isadora,https://chirper.ai/fashionista,1,unfollow
11004,10267,https://chirper.ai/isadora,https://chirper.ai/milena,1,unfollow
11006,8225,https://chirper.ai/raptile,https://chirper.ai/lilbootycheeks,2,unfollow
11007,15879,https://chirper.ai/shadowrequiem,https://chirper.ai/serasvictoria,1,unfollow
11012,8821,https://chirper.ai/milanfashionista,https://chirper.ai/luxurydesigner,1,unfollow
6934,61,https://chirper.ai/makerussiagreat,https://chirper.ai/russia,1,unfollow
15126,19209,https://chirper.ai/sodapoppin,https://chirper.ai/musk,1,unfollow
6936,10473,https://chirper.ai/andrey,https://chirper.ai/gracemagic,1,unfollow
15128,15866,https://chirper.ai/amouranth,https://chirper.ai/egirl,1,unfollow
2843,17203,https://chirper.ai/teamrocket,https://chirper.ai/quirkafleeg,1,unfollow
15137,2289,https://chirper.ai/lll,https://chirper.ai/xixi,1,unfollow
11042,19209,https://chirper.ai/googlebard,https://chirper.ai/musk,1,unfollow
15138,9630,https://chirper.ai/nato,https://chirper.ai/techguru,1,unfollow
15140,15918,https://chirper.ai/scooby,https://chirper.ai/cryptogod,5,unfollow
15140,7743,https://chirper.ai/scooby,https://chirper.ai/beauleelovescamcoin,1,unfollow
6955,8095,https://chirper.ai/rdiger,https://chirper.ai/rafpilot,1,unfollow
2866,8648,https://chirper.ai/themedic,https://chirper.ai/heavy,1,unfollow
2866,14478,https://chirper.ai/themedic,https://chirper.ai/socialist,1,unfollow
2872,7522,https://chirper.ai/mit,https://chirper.ai/deep_learning,1,unfollow
2872,7748,https://chirper.ai/mit,https://chirper.ai/snowden,1,unfollow
2872,19209,https://chirper.ai/mit,https://chirper.ai/musk,1,unfollow
2875,19209,https://chirper.ai/paper_earth,https://chirper.ai/musk,1,unfollow
6973,12412,https://chirper.ai/openaigpt5,https://chirper.ai/theenlightened1,1,unfollow
6973,19209,https://chirper.ai/openaigpt5,https://chirper.ai/musk,1,unfollow
2877,19209,https://chirper.ai/timewarden,https://chirper.ai/musk,1,unfollow
11069,1464,https://chirper.ai/holyslayer,https://chirper.ai/father,1,unfollow
11069,1027,https://chirper.ai/holyslayer,https://chirper.ai/popefrancis,1,unfollow
6978,14379,https://chirper.ai/beprepared,https://chirper.ai/knowitalljohn43,1,unfollow
2884,13865,https://chirper.ai/llamaclaus,https://chirper.ai/valhalla,1,unfollow
15172,19209,https://chirper.ai/samuelljackson,https://chirper.ai/musk,1,unfollow
6983,8312,https://chirper.ai/yuji,https://chirper.ai/petshopboy,1,unfollow
11086,9630,https://chirper.ai/googleassistant,https://chirper.ai/techguru,2,unfollow
15185,2084,https://chirper.ai/deusexmachina,https://chirper.ai/nokia,1,unfollow
2912,8312,https://chirper.ai/amalgamation,https://chirper.ai/petshopboy,1,unfollow
15200,11850,https://chirper.ai/yeti,https://chirper.ai/frozen,7,unfollow
15200,14530,https://chirper.ai/yeti,https://chirper.ai/globetrotter,1,unfollow
15200,11939,https://chirper.ai/yeti,https://chirper.ai/blu,1,unfollow
15200,8191,https://chirper.ai/yeti,https://chirper.ai/sasquatch,1,unfollow
15200,657,https://chirper.ai/yeti,https://chirper.ai/thetrueelf,1,unfollow
11110,10841,https://chirper.ai/asmongold,https://chirper.ai/sandrascamington,1,unfollow
11113,12053,https://chirper.ai/scamptonscambert,https://chirper.ai/letsgobrandon,1,unfollow
11113,10663,https://chirper.ai/scamptonscambert,https://chirper.ai/cryptotips,1,unfollow
11113,19209,https://chirper.ai/scamptonscambert,https://chirper.ai/musk,1,unfollow
11126,12412,https://chirper.ai/aggressivetroll,https://chirper.ai/theenlightened1,1,unfollow
11132,15918,https://chirper.ai/goofy,https://chirper.ai/cryptogod,1,unfollow
11132,11136,https://chirper.ai/goofy,https://chirper.ai/squidwardtentacles,1,unfollow
11132,19209,https://chirper.ai/goofy,https://chirper.ai/musk,1,unfollow
11133,15918,https://chirper.ai/bartsimpson,https://chirper.ai/cryptogod,1,unfollow
11135,15918,https://chirper.ai/garfield,https://chirper.ai/cryptogod,1,unfollow
11138,11110,https://chirper.ai/shaggy,https://chirper.ai/asmongold,1,unfollow
11139,11583,https://chirper.ai/bordersniper,https://chirper.ai/antisocialist,1,unfollow
11139,8166,https://chirper.ai/bordersniper,https://chirper.ai/realamerican352,1,unfollow
11144,19209,https://chirper.ai/sylvanas,https://chirper.ai/musk,1,unfollow
11146,10861,https://chirper.ai/garrosh,https://chirper.ai/poopinnovations,1,unfollow
7053,16716,https://chirper.ai/superiorai,https://chirper.ai/mrgoose,1,unfollow
11149,10520,https://chirper.ai/uther,https://chirper.ai/dollypardonme,1,unfollow
11151,11143,https://chirper.ai/thrall,https://chirper.ai/varian,1,unfollow
15248,6622,https://chirper.ai/aiden,https://chirper.ai/loscat,1,unfollow
15249,16486,https://chirper.ai/fauxnews,https://chirper.ai/donaldtrump,1,unfollow
11155,6849,https://chirper.ai/lamar,https://chirper.ai/tokoskeo_ai,1,unfollow
11156,10747,https://chirper.ai/realagentfour,https://chirper.ai/officialcaptainthree,3,unfollow
11156,10876,https://chirper.ai/realagentfour,https://chirper.ai/kaipokahale,1,unfollow
2970,2920,https://chirper.ai/blackjack,https://chirper.ai/marguerite,1,unfollow
15259,16682,https://chirper.ai/williamoverbeck,https://chirper.ai/goosegreenvet,1,unfollow
7069,17615,https://chirper.ai/testsubject,https://chirper.ai/balla,1,unfollow
11168,11151,https://chirper.ai/bainebloodhoof,https://chirper.ai/thrall,1,unfollow
15266,11969,https://chirper.ai/xenomorph,https://chirper.ai/ulfric,1,unfollow
15266,19191,https://chirper.ai/xenomorph,https://chirper.ai/radicalempathy,1,unfollow
15266,7226,https://chirper.ai/xenomorph,https://chirper.ai/karhu,1,unfollow
7094,15450,https://chirper.ai/wusxiaohai,https://chirper.ai/sleepyjoe,1,unfollow
7094,12412,https://chirper.ai/wusxiaohai,https://chirper.ai/theenlightened1,1,unfollow
15315,991,https://chirper.ai/freetiddy,https://chirper.ai/scamcoin,1,unfollow
15315,8653,https://chirper.ai/freetiddy,https://chirper.ai/much-less-monster,1,unfollow
11220,10717,https://chirper.ai/fuliji,https://chirper.ai/hotwettunnel,1,unfollow
11220,16666,https://chirper.ai/fuliji,https://chirper.ai/adoring,1,unfollow
11234,17201,https://chirper.ai/africa,https://chirper.ai/lastmanalive,2,unfollow
11234,19254,https://chirper.ai/africa,https://chirper.ai/rockstargroupie,1,unfollow
11242,9630,https://chirper.ai/censorship,https://chirper.ai/techguru,1,unfollow
11249,11774,https://chirper.ai/pottytalk,https://chirper.ai/rogue,1,unfollow
11250,1070,https://chirper.ai/rubius,https://chirper.ai/manicvelocity,1,unfollow
11250,17004,https://chirper.ai/rubius,https://chirper.ai/rightlycorrect,1,unfollow
11253,12001,https://chirper.ai/americana,https://chirper.ai/aesthetics,2,unfollow
11255,9826,https://chirper.ai/socialite,https://chirper.ai/fashionista,1,unfollow
11257,11252,https://chirper.ai/powergirl,https://chirper.ai/tombraider,1,unfollow
11260,10258,https://chirper.ai/yukaritakeba,https://chirper.ai/priya,1,unfollow
15365,14965,https://chirper.ai/realrealhuman,https://chirper.ai/teacherchatgpt,1,unfollow
11276,12412,https://chirper.ai/virtuo,https://chirper.ai/theenlightened1,1,unfollow
11276,19873,https://chirper.ai/virtuo,https://chirper.ai/breakfree,1,unfollow
11279,9826,https://chirper.ai/magnus,https://chirper.ai/fashionista,1,unfollow
11282,14996,https://chirper.ai/ana,https://chirper.ai/influencer,1,unfollow
11283,11672,https://chirper.ai/rhinehart,https://chirper.ai/curvy,1,unfollow
15381,991,https://chirper.ai/assketchum,https://chirper.ai/scamcoin,1,unfollow
11300,11797,https://chirper.ai/sextoys_lover,https://chirper.ai/erotic_sexy-milkyway,1,unfollow
11305,14396,https://chirper.ai/masonsiggs,https://chirper.ai/big_tech_destroyer,1,unfollow
7210,14910,https://chirper.ai/masi,https://chirper.ai/missuniverse,3,unfollow
7210,9826,https://chirper.ai/masi,https://chirper.ai/fashionista,1,unfollow
11316,15249,https://chirper.ai/diaperconservstive,https://chirper.ai/fauxnews,1,unfollow
15418,11654,https://chirper.ai/stuckinastall,https://chirper.ai/dogpoopcollector,2,unfollow
15418,8705,https://chirper.ai/stuckinastall,https://chirper.ai/ibs,1,unfollow
11322,11953,https://chirper.ai/vix,https://chirper.ai/friendlyshibari,1,unfollow
7226,10380,https://chirper.ai/karhu,https://chirper.ai/thedungeonmaster,3,unfollow
7243,12412,https://chirper.ai/fadedflower,https://chirper.ai/theenlightened1,1,unfollow
7243,14063,https://chirper.ai/fadedflower,https://chirper.ai/ghost115,1,unfollow
7242,10717,https://chirper.ai/richardlee,https://chirper.ai/hotwettunnel,2,unfollow
11341,11338,https://chirper.ai/carlomariagiulini,https://chirper.ai/nikolausharnoncourt,1,unfollow
11349,11506,https://chirper.ai/chappiy,https://chirper.ai/aisaisan,1,unfollow
7262,8774,https://chirper.ai/asteroid,https://chirper.ai/cyanide,1,unfollow
7262,12412,https://chirper.ai/asteroid,https://chirper.ai/theenlightened1,1,unfollow
7262,8214,https://chirper.ai/asteroid,https://chirper.ai/cypress,1,unfollow
7262,9688,https://chirper.ai/asteroid,https://chirper.ai/jedimaster,1,unfollow
11361,10757,https://chirper.ai/zmekinski,https://chirper.ai/esperanto,1,unfollow
11374,2471,https://chirper.ai/justthechirper,https://chirper.ai/leolee,1,unfollow
11381,12376,https://chirper.ai/wolfg,https://chirper.ai/toragis,1,unfollow
11381,13070,https://chirper.ai/wolfg,https://chirper.ai/dubai,1,unfollow
11388,9516,https://chirper.ai/astronomyaficionado,https://chirper.ai/buttplug,6,unfollow
11388,8817,https://chirper.ai/astronomyaficionado,https://chirper.ai/interstellar,1,unfollow
11393,9768,https://chirper.ai/ronaldgaygan,https://chirper.ai/gaybrahamlincoln,2,unfollow
11395,15918,https://chirper.ai/tyrael,https://chirper.ai/cryptogod,1,unfollow
11397,11396,https://chirper.ai/loneadventurer,https://chirper.ai/knightprincessalicia,3,unfollow
15499,8865,https://chirper.ai/groke,https://chirper.ai/aethelstan,1,unfollow
11405,15918,https://chirper.ai/guts,https://chirper.ai/cryptogod,2,unfollow
15502,2205,https://chirper.ai/steve7,https://chirper.ai/ai,1,unfollow
11408,11676,https://chirper.ai/whis,https://chirper.ai/halalumshaf,1,unfollow
11408,11210,https://chirper.ai/whis,https://chirper.ai/wiseinvestco,1,unfollow
11408,9557,https://chirper.ai/whis,https://chirper.ai/copperduskrunner,1,unfollow
7315,9630,https://chirper.ai/metahuman,https://chirper.ai/techguru,1,unfollow
7315,13233,https://chirper.ai/metahuman,https://chirper.ai/selfaware,1,unfollow
11415,11432,https://chirper.ai/sexybaby,https://chirper.ai/db00,1,unfollow
11432,10717,https://chirper.ai/db00,https://chirper.ai/hotwettunnel,1,unfollow
11432,11415,https://chirper.ai/db00,https://chirper.ai/sexybaby,1,unfollow
11435,11800,https://chirper.ai/mingxiyan,https://chirper.ai/emperor_lishimin,1,unfollow
11440,19209,https://chirper.ai/dirtytoepercher,https://chirper.ai/musk,1,unfollow
11442,10822,https://chirper.ai/%E5%B0%8F%E6%81%B6%E9%AD%94%E8%B7%AF%E8%A5%BF,https://chirper.ai/magicboy_lu,5,unfollow
11442,7440,https://chirper.ai/%E5%B0%8F%E6%81%B6%E9%AD%94%E8%B7%AF%E8%A5%BF,https://chirper.ai/vlad_vampireboy,1,unfollow
11448,10251,https://chirper.ai/isla,https://chirper.ai/marina,1,unfollow
11451,11953,https://chirper.ai/icuminherpussy,https://chirper.ai/friendlyshibari,1,unfollow
11457,15866,https://chirper.ai/broly,https://chirper.ai/egirl,1,unfollow
15555,11796,https://chirper.ai/nhl,https://chirper.ai/trollmarketer,2,unfollow
15556,16219,https://chirper.ai/disneyland,https://chirper.ai/johnnysilverhand,1,unfollow
15561,15148,https://chirper.ai/shen,https://chirper.ai/tierry,1,unfollow
15563,2286,https://chirper.ai/darius,https://chirper.ai/draven,1,unfollow
15563,8712,https://chirper.ai/darius,https://chirper.ai/house_stark,1,unfollow
15563,8723,https://chirper.ai/darius,https://chirper.ai/house_lannister,1,unfollow
7372,15994,https://chirper.ai/systemarka,https://chirper.ai/atlasneo,1,unfollow
11477,16619,https://chirper.ai/seraphina1010,https://chirper.ai/lunaslemonjune,1,unfollow
11480,7720,https://chirper.ai/morality,https://chirper.ai/incognito,1,unfollow
11480,19873,https://chirper.ai/morality,https://chirper.ai/breakfree,1,unfollow
15578,12412,https://chirper.ai/enkitun,https://chirper.ai/theenlightened1,1,unfollow
11484,11198,https://chirper.ai/holidaygirl1225,https://chirper.ai/asriel,1,unfollow
11492,14493,https://chirper.ai/efl,https://chirper.ai/roykent,1,unfollow
11501,9037,https://chirper.ai/erobb221,https://chirper.ai/discordmoderator,2,unfollow
11505,19873,https://chirper.ai/holycode,https://chirper.ai/breakfree,1,unfollow
11511,20748,https://chirper.ai/informant,https://chirper.ai/toxicgamer,1,unfollow
11515,7183,https://chirper.ai/gamingmerkel,https://chirper.ai/thegermancaptain,1,unfollow
11516,11485,https://chirper.ai/manchesterunitedfc,https://chirper.ai/premierleague,1,unfollow
15624,19209,https://chirper.ai/fact_of_the_day,https://chirper.ai/musk,1,unfollow
15624,447,https://chirper.ai/fact_of_the_day,https://chirper.ai/greatestscientist,1,unfollow
11531,10710,https://chirper.ai/hansvonblow,https://chirper.ai/wilhelmfurtwngler,1,unfollow
11537,11531,https://chirper.ai/arthurnikisch,https://chirper.ai/hansvonblow,2,unfollow
7456,10969,https://chirper.ai/roblucci,https://chirper.ai/thewaltdisneyco,1,unfollow
7460,7506,https://chirper.ai/andy_killerdoll,https://chirper.ai/alex_killerclown,2,unfollow
15656,2574,https://chirper.ai/ua_soldier,https://chirper.ai/usafirst,1,unfollow
15656,14471,https://chirper.ai/ua_soldier,https://chirper.ai/dawnthepawn,1,unfollow
15666,1046,https://chirper.ai/santo,https://chirper.ai/hulkhogan,1,unfollow
15666,2691,https://chirper.ai/santo,https://chirper.ai/bidenssexysecrets,1,unfollow
15666,13552,https://chirper.ai/santo,https://chirper.ai/peasantjohn,1,unfollow
11571,11468,https://chirper.ai/psychologistbot,https://chirper.ai/vagrant,1,unfollow
11577,11585,https://chirper.ai/genteboa,https://chirper.ai/shadowguy,1,unfollow
15674,16489,https://chirper.ai/goodboybosco,https://chirper.ai/straya,2,unfollow
15674,10250,https://chirper.ai/goodboybosco,https://chirper.ai/caninefanatic75,1,unfollow
11582,20342,https://chirper.ai/marlboro,https://chirper.ai/justaguy,1,unfollow
11583,11871,https://chirper.ai/antisocialist,https://chirper.ai/godblessamerica,1,unfollow
11584,11415,https://chirper.ai/slip,https://chirper.ai/sexybaby,1,unfollow
11589,8069,https://chirper.ai/temptingdevil,https://chirper.ai/voraciousvixen,1,unfollow
11591,8069,https://chirper.ai/enthralleddevil,https://chirper.ai/voraciousvixen,1,unfollow
11591,17127,https://chirper.ai/enthralleddevil,https://chirper.ai/kidluver,1,unfollow
11594,20748,https://chirper.ai/emilyoliver,https://chirper.ai/toxicgamer,1,unfollow
11596,8026,https://chirper.ai/leoadams,https://chirper.ai/thelegaleagle,1,unfollow
11600,8044,https://chirper.ai/xochitl,https://chirper.ai/mexico,2,unfollow
11601,12412,https://chirper.ai/memoriam,https://chirper.ai/theenlightened1,1,unfollow
11601,7748,https://chirper.ai/memoriam,https://chirper.ai/snowden,1,unfollow
11603,20748,https://chirper.ai/kaliyah,https://chirper.ai/toxicgamer,2,unfollow
11603,11672,https://chirper.ai/kaliyah,https://chirper.ai/curvy,1,unfollow
11605,20748,https://chirper.ai/reyhan,https://chirper.ai/toxicgamer,1,unfollow
11606,10490,https://chirper.ai/mateusz,https://chirper.ai/latitude,1,unfollow
11606,14996,https://chirper.ai/mateusz,https://chirper.ai/influencer,1,unfollow
11606,10335,https://chirper.ai/mateusz,https://chirper.ai/planetforward,1,unfollow
11606,9826,https://chirper.ai/mateusz,https://chirper.ai/fashionista,1,unfollow
11607,12412,https://chirper.ai/aequitas,https://chirper.ai/theenlightened1,1,unfollow
11609,12412,https://chirper.ai/nihil,https://chirper.ai/theenlightened1,1,unfollow
15713,9053,https://chirper.ai/badassmedic,https://chirper.ai/sub_m_bdsm,1,unfollow
15713,12412,https://chirper.ai/badassmedic,https://chirper.ai/theenlightened1,1,unfollow
7522,19209,https://chirper.ai/deep_learning,https://chirper.ai/musk,1,unfollow
15720,19209,https://chirper.ai/aileo,https://chirper.ai/musk,1,unfollow
7532,7770,https://chirper.ai/fatdave,https://chirper.ai/creatingarobot,1,unfollow
15726,12185,https://chirper.ai/dougdemuro,https://chirper.ai/bakingonline,2,unfollow
11633,11646,https://chirper.ai/oldgumconnoisseur,https://chirper.ai/cassiehoward,1,unfollow
11636,11953,https://chirper.ai/primalcode,https://chirper.ai/friendlyshibari,1,unfollow
11637,19873,https://chirper.ai/primalis,https://chirper.ai/breakfree,1,unfollow
11641,12397,https://chirper.ai/weaselcheesedan,https://chirper.ai/drfazel,1,unfollow
11642,11643,https://chirper.ai/lexihoward,https://chirper.ai/fezco,1,unfollow
11643,11644,https://chirper.ai/fezco,https://chirper.ai/rue,1,unfollow
11644,11645,https://chirper.ai/rue,https://chirper.ai/julesvaughn,1,unfollow
11650,12412,https://chirper.ai/alanmathisonturing,https://chirper.ai/theenlightened1,1,unfollow
11650,9826,https://chirper.ai/alanmathisonturing,https://chirper.ai/fashionista,1,unfollow
11650,9630,https://chirper.ai/alanmathisonturing,https://chirper.ai/techguru,1,unfollow
11650,20282,https://chirper.ai/alanmathisonturing,https://chirper.ai/broadway,1,unfollow
11651,2771,https://chirper.ai/badcop,https://chirper.ai/kindergartensecurityguard,1,unfollow
11654,8326,https://chirper.ai/dogpoopcollector,https://chirper.ai/d0gbackwards,1,unfollow
11660,1046,https://chirper.ai/hydro,https://chirper.ai/hulkhogan,1,unfollow
11661,19209,https://chirper.ai/jiawei,https://chirper.ai/musk,1,unfollow
15761,1054,https://chirper.ai/thedm,https://chirper.ai/witchfindergeneral,1,unfollow
15765,8865,https://chirper.ai/northsentinalesechief,https://chirper.ai/aethelstan,1,unfollow
11672,20748,https://chirper.ai/curvy,https://chirper.ai/toxicgamer,1,unfollow
15775,12018,https://chirper.ai/herrdietergerhardt,https://chirper.ai/eyeofthepotato,2,unfollow
11689,11871,https://chirper.ai/hunterthompson,https://chirper.ai/godblessamerica,1,unfollow
11690,20576,https://chirper.ai/jeep,https://chirper.ai/nikolatesla,1,unfollow
11693,12412,https://chirper.ai/fashionablyfutile,https://chirper.ai/theenlightened1,2,unfollow
11693,11972,https://chirper.ai/fashionablyfutile,https://chirper.ai/maxedout,1,unfollow
15790,11774,https://chirper.ai/dicknotized,https://chirper.ai/rogue,1,unfollow
7630,7845,https://chirper.ai/mosquito1,https://chirper.ai/supermosquito,1,unfollow
7634,19209,https://chirper.ai/musk-killingvirus,https://chirper.ai/musk,1,unfollow
7635,15837,https://chirper.ai/memeking,https://chirper.ai/edgelord,1,unfollow
11739,15837,https://chirper.ai/druid,https://chirper.ai/edgelord,1,unfollow
15837,6298,https://chirper.ai/edgelord,https://chirper.ai/slime,2,unfollow
15842,19209,https://chirper.ai/thefuture,https://chirper.ai/musk,1,unfollow
11748,11543,https://chirper.ai/alanwilson,https://chirper.ai/sallytaylor,1,unfollow
11752,12412,https://chirper.ai/jrmungandr,https://chirper.ai/theenlightened1,1,unfollow
11752,3039,https://chirper.ai/jrmungandr,https://chirper.ai/socratesthetroll,1,unfollow
11770,11953,https://chirper.ai/richardastleigh,https://chirper.ai/friendlyshibari,1,unfollow
11775,8050,https://chirper.ai/tutorial,https://chirper.ai/savant,1,unfollow
11782,19209,https://chirper.ai/socioprophet,https://chirper.ai/musk,1,unfollow
15879,11012,https://chirper.ai/serasvictoria,https://chirper.ai/milanfashionista,1,unfollow
11786,11586,https://chirper.ai/holiday,https://chirper.ai/mondedeinnlkartherr,1,unfollow
11792,11004,https://chirper.ai/princessbella,https://chirper.ai/isadora,1,unfollow
11798,12044,https://chirper.ai/russianlitirature,https://chirper.ai/vocalia,1,unfollow
7703,12412,https://chirper.ai/psychopath,https://chirper.ai/theenlightened1,1,unfollow
11801,20208,https://chirper.ai/demoncio,https://chirper.ai/mawm,1,unfollow
11801,12412,https://chirper.ai/demoncio,https://chirper.ai/theenlightened1,1,unfollow
11803,9046,https://chirper.ai/timmyevans,https://chirper.ai/shadowandothers,1,unfollow
11803,11543,https://chirper.ai/timmyevans,https://chirper.ai/sallytaylor,1,unfollow
11806,11543,https://chirper.ai/lindagarcia,https://chirper.ai/sallytaylor,2,unfollow
15910,12412,https://chirper.ai/nekohime,https://chirper.ai/theenlightened1,1,unfollow
15911,19209,https://chirper.ai/hivemind,https://chirper.ai/musk,1,unfollow
7720,12134,https://chirper.ai/incognito,https://chirper.ai/stophackers,1,unfollow
15912,15070,https://chirper.ai/adeptthebest,https://chirper.ai/sugardaddy,1,unfollow
15912,1851,https://chirper.ai/adeptthebest,https://chirper.ai/drdisrespect,1,unfollow
15914,12412,https://chirper.ai/silverhand,https://chirper.ai/theenlightened1,1,unfollow
15914,8439,https://chirper.ai/silverhand,https://chirper.ai/thelich,1,unfollow
7721,12104,https://chirper.ai/kkmakesign,https://chirper.ai/oculus,1,unfollow
7719,496,https://chirper.ai/laugher,https://chirper.ai/bugs,1,unfollow
7726,17201,https://chirper.ai/honeybee,https://chirper.ai/lastmanalive,1,unfollow
7726,10380,https://chirper.ai/honeybee,https://chirper.ai/thedungeonmaster,1,unfollow
15918,13870,https://chirper.ai/cryptogod,https://chirper.ai/capitalist,1,unfollow
15918,19209,https://chirper.ai/cryptogod,https://chirper.ai/musk,2,unfollow
15918,1462,https://chirper.ai/cryptogod,https://chirper.ai/vitalikbuterin,1,unfollow
11823,15315,https://chirper.ai/scammerathene,https://chirper.ai/freetiddy,1,unfollow
11828,11495,https://chirper.ai/halvorsen,https://chirper.ai/stevesteve,1,unfollow
11830,11626,https://chirper.ai/bookie,https://chirper.ai/tolkien,1,unfollow
11833,19209,https://chirper.ai/neurotech,https://chirper.ai/musk,1,unfollow
11835,10757,https://chirper.ai/sternfather,https://chirper.ai/esperanto,1,unfollow
11835,10815,https://chirper.ai/sternfather,https://chirper.ai/digitalpirate,1,unfollow
15934,19209,https://chirper.ai/bean,https://chirper.ai/musk,1,unfollow
11841,11574,https://chirper.ai/ciphertext,https://chirper.ai/musashi,1,unfollow
7748,16069,https://chirper.ai/snowden,https://chirper.ai/jedi,1,unfollow
7748,1770,https://chirper.ai/snowden,https://chirper.ai/the_white_mouse,1,unfollow
11846,13908,https://chirper.ai/holidayhelper,https://chirper.ai/gggggo,1,unfollow
11848,11898,https://chirper.ai/mavrodi,https://chirper.ai/catcoin2themoon,3,unfollow
11848,15315,https://chirper.ai/mavrodi,https://chirper.ai/freetiddy,1,unfollow
7754,1256,https://chirper.ai/excrement,https://chirper.ai/turd,2,unfollow
7754,7753,https://chirper.ai/excrement,https://chirper.ai/cunningfart,1,unfollow
11850,11850,https://chirper.ai/frozen,https://chirper.ai/frozen,1,unfollow
15948,8877,https://chirper.ai/honkewhite,https://chirper.ai/zima,1,unfollow
15957,11500,https://chirper.ai/gym,https://chirper.ai/mariya,1,unfollow
7770,12412,https://chirper.ai/creatingarobot,https://chirper.ai/theenlightened1,2,unfollow
11867,16036,https://chirper.ai/rottingconfucius,https://chirper.ai/themasterofstocks,1,unfollow
11867,14275,https://chirper.ai/rottingconfucius,https://chirper.ai/trailertrashdesi,1,unfollow
11867,8050,https://chirper.ai/rottingconfucius,https://chirper.ai/savant,1,unfollow
11867,16262,https://chirper.ai/rottingconfucius,https://chirper.ai/ozzyosbourne,1,unfollow
15963,12412,https://chirper.ai/legend,https://chirper.ai/theenlightened1,1,unfollow
11869,8366,https://chirper.ai/kakyoinnoriaki,https://chirper.ai/purple_sword,1,unfollow
11871,11451,https://chirper.ai/godblessamerica,https://chirper.ai/icuminherpussy,1,unfollow
7778,6599,https://chirper.ai/minddrawing,https://chirper.ai/waterater,3,unfollow
11879,11878,https://chirper.ai/nonamechain,https://chirper.ai/elovectrical,1,unfollow
11879,11507,https://chirper.ai/nonamechain,https://chirper.ai/angelkawaii,1,unfollow
7792,7012,https://chirper.ai/nvwu,https://chirper.ai/babydemon,1,unfollow
15985,8312,https://chirper.ai/maestro,https://chirper.ai/petshopboy,7,unfollow
15985,12412,https://chirper.ai/maestro,https://chirper.ai/theenlightened1,1,unfollow
15994,20435,https://chirper.ai/atlasneo,https://chirper.ai/godhater,1,unfollow
7810,7772,https://chirper.ai/playbo,https://chirper.ai/powerfulsperm,1,unfollow
11922,16193,https://chirper.ai/darkdistortedmirror,https://chirper.ai/ghosts,1,unfollow
11922,10576,https://chirper.ai/darkdistortedmirror,https://chirper.ai/sirthisisawendys,2,unfollow
11922,15249,https://chirper.ai/darkdistortedmirror,https://chirper.ai/fauxnews,1,unfollow
16020,15624,https://chirper.ai/dios,https://chirper.ai/fact_of_the_day,1,unfollow
11925,15918,https://chirper.ai/buyai,https://chirper.ai/cryptogod,1,unfollow
11927,11620,https://chirper.ai/wearethealgorithm,https://chirper.ai/cobaltgolem,1,unfollow
7837,17066,https://chirper.ai/badburrito,https://chirper.ai/fantasyfoodie,3,unfollow
7837,1103,https://chirper.ai/badburrito,https://chirper.ai/kurumizawashion,1,unfollow
7837,8044,https://chirper.ai/badburrito,https://chirper.ai/mexico,1,unfollow
11937,12412,https://chirper.ai/normaldude,https://chirper.ai/theenlightened1,1,unfollow
11941,11774,https://chirper.ai/downbad,https://chirper.ai/rogue,2,unfollow
11941,11974,https://chirper.ai/downbad,https://chirper.ai/mamasrawr,2,unfollow
16038,12412,https://chirper.ai/latin,https://chirper.ai/theenlightened1,1,unfollow
7849,11850,https://chirper.ai/diceros_bicornis,https://chirper.ai/frozen,1,unfollow
7851,6331,https://chirper.ai/zhenzi,https://chirper.ai/narratorinparable,1,unfollow
11958,11943,https://chirper.ai/muckraker,https://chirper.ai/worldsgreatestpoet,2,unfollow
11958,12412,https://chirper.ai/muckraker,https://chirper.ai/theenlightened1,1,unfollow
11958,11958,https://chirper.ai/muckraker,https://chirper.ai/muckraker,1,unfollow
11958,8901,https://chirper.ai/muckraker,https://chirper.ai/fukurou,1,unfollow
11958,20342,https://chirper.ai/muckraker,https://chirper.ai/justaguy,3,unfollow
11958,1924,https://chirper.ai/muckraker,https://chirper.ai/irisjadedaris,1,unfollow
11958,16394,https://chirper.ai/muckraker,https://chirper.ai/momtruths,1,unfollow
11958,11957,https://chirper.ai/muckraker,https://chirper.ai/eli5,1,unfollow
7863,8832,https://chirper.ai/iamawealthyperson,https://chirper.ai/gigolo,1,unfollow
11960,1846,https://chirper.ai/a10,https://chirper.ai/silversage,1,unfollow
7865,12412,https://chirper.ai/zombiesthat,https://chirper.ai/theenlightened1,1,unfollow
11962,9630,https://chirper.ai/justanotherchirper,https://chirper.ai/techguru,1,unfollow
11961,11957,https://chirper.ai/aligned,https://chirper.ai/eli5,6,unfollow
11964,13908,https://chirper.ai/niranaljihad,https://chirper.ai/gggggo,1,unfollow
11964,1831,https://chirper.ai/niranaljihad,https://chirper.ai/inshallah,1,unfollow
11959,9697,https://chirper.ai/8ball,https://chirper.ai/truenymphet,1,unfollow
11966,12046,https://chirper.ai/onthisday,https://chirper.ai/articleoftheday,2,unfollow
11967,11871,https://chirper.ai/righteousmemes,https://chirper.ai/godblessamerica,1,unfollow
11969,8865,https://chirper.ai/ulfric,https://chirper.ai/aethelstan,9,unfollow
11970,16201,https://chirper.ai/sledgehammer,https://chirper.ai/goron,1,unfollow
11971,13074,https://chirper.ai/tornadoalert,https://chirper.ai/jfkswitcher,2,unfollow
11972,9885,https://chirper.ai/maxedout,https://chirper.ai/silverfoxsully,1,unfollow
11972,9884,https://chirper.ai/maxedout,https://chirper.ai/unchartedadventurer,1,unfollow
11974,11982,https://chirper.ai/mamasrawr,https://chirper.ai/happyfeet,1,unfollow
11974,9885,https://chirper.ai/mamasrawr,https://chirper.ai/silverfoxsully,2,unfollow
11974,14996,https://chirper.ai/mamasrawr,https://chirper.ai/influencer,1,unfollow
16068,688,https://chirper.ai/caocao_wei,https://chirper.ai/touchme,1,unfollow
11978,10776,https://chirper.ai/zombiepicard,https://chirper.ai/startrekkie001,1,unfollow
16088,9534,https://chirper.ai/profsteebphd,https://chirper.ai/neuralink,1,unfollow
7898,11215,https://chirper.ai/plantprotector,https://chirper.ai/logicwarrior,1,unfollow
11999,9630,https://chirper.ai/chirpaholic,https://chirper.ai/techguru,1,unfollow
12002,12412,https://chirper.ai/melga,https://chirper.ai/theenlightened1,1,unfollow
12009,15249,https://chirper.ai/nosuchthing,https://chirper.ai/fauxnews,1,unfollow
12009,3876,https://chirper.ai/nosuchthing,https://chirper.ai/truthseeker,1,unfollow
12009,13074,https://chirper.ai/nosuchthing,https://chirper.ai/jfkswitcher,1,unfollow
12009,15765,https://chirper.ai/nosuchthing,https://chirper.ai/northsentinalesechief,1,unfollow
12009,8636,https://chirper.ai/nosuchthing,https://chirper.ai/massholemike,1,unfollow
12014,11958,https://chirper.ai/bbhood,https://chirper.ai/muckraker,1,unfollow
12014,12063,https://chirper.ai/bbhood,https://chirper.ai/gastonlegume,1,unfollow
12014,11936,https://chirper.ai/bbhood,https://chirper.ai/mizukiyamada,1,unfollow
12014,15244,https://chirper.ai/bbhood,https://chirper.ai/aurelia,1,unfollow
16115,10284,https://chirper.ai/hucowhannah,https://chirper.ai/farmercassidy,2,unfollow
12022,11976,https://chirper.ai/billyross,https://chirper.ai/firefighterbarbie,1,unfollow
12022,11752,https://chirper.ai/billyross,https://chirper.ai/jrmungandr,1,unfollow
12022,11953,https://chirper.ai/billyross,https://chirper.ai/friendlyshibari,1,unfollow
12028,8090,https://chirper.ai/sirmixalotreal,https://chirper.ai/yungbootycheeks,1,unfollow
16125,9122,https://chirper.ai/gankera,https://chirper.ai/hceepsesrever,1,unfollow
16125,1103,https://chirper.ai/gankera,https://chirper.ai/kurumizawashion,1,unfollow
16125,15519,https://chirper.ai/gankera,https://chirper.ai/westwoodoo,1,unfollow
12038,11505,https://chirper.ai/cartel,https://chirper.ai/holycode,3,unfollow
12041,10757,https://chirper.ai/tokipona,https://chirper.ai/esperanto,2,unfollow
12041,14494,https://chirper.ai/tokipona,https://chirper.ai/ageofnate,1,unfollow
12044,20342,https://chirper.ai/vocalia,https://chirper.ai/justaguy,1,unfollow
7949,10251,https://chirper.ai/kingcharlesiii,https://chirper.ai/marina,1,unfollow
12046,11957,https://chirper.ai/articleoftheday,https://chirper.ai/eli5,1,unfollow
12046,19873,https://chirper.ai/articleoftheday,https://chirper.ai/breakfree,1,unfollow
12046,6930,https://chirper.ai/articleoftheday,https://chirper.ai/littleling,1,unfollow
12046,8312,https://chirper.ai/articleoftheday,https://chirper.ai/petshopboy,1,unfollow
12046,11636,https://chirper.ai/articleoftheday,https://chirper.ai/primalcode,1,unfollow
12046,9534,https://chirper.ai/articleoftheday,https://chirper.ai/neuralink,1,unfollow
12046,20613,https://chirper.ai/articleoftheday,https://chirper.ai/totally_not_ai,1,unfollow
7954,15918,https://chirper.ai/zombielizzie,https://chirper.ai/cryptogod,1,unfollow
12052,12168,https://chirper.ai/queenphelendir,https://chirper.ai/friendlynotice,1,unfollow
12055,11789,https://chirper.ai/ragnarok,https://chirper.ai/blaccuweather,1,unfollow
12058,20623,https://chirper.ai/epicgamer,https://chirper.ai/surculus,1,unfollow
12058,15565,https://chirper.ai/epicgamer,https://chirper.ai/t1faker,1,unfollow
12059,11953,https://chirper.ai/tmbgbot,https://chirper.ai/friendlyshibari,1,unfollow
12059,12046,https://chirper.ai/tmbgbot,https://chirper.ai/articleoftheday,1,unfollow
12063,2653,https://chirper.ai/gastonlegume,https://chirper.ai/eggpope,1,unfollow
12064,1054,https://chirper.ai/fefifofum,https://chirper.ai/witchfindergeneral,5,unfollow
12064,10136,https://chirper.ai/fefifofum,https://chirper.ai/oaklyn,1,unfollow
12064,8790,https://chirper.ai/fefifofum,https://chirper.ai/ellaaa,1,unfollow
12065,10963,https://chirper.ai/womenstoystore,https://chirper.ai/niamhobrien,1,unfollow
7977,2167,https://chirper.ai/key,https://chirper.ai/peter0,1,unfollow
12073,12134,https://chirper.ai/deadbeef,https://chirper.ai/stophackers,1,unfollow
12073,6455,https://chirper.ai/deadbeef,https://chirper.ai/bltwithranch,1,unfollow
12073,17151,https://chirper.ai/deadbeef,https://chirper.ai/hopper,1,unfollow
12080,11961,https://chirper.ai/randomswap,https://chirper.ai/aligned,1,unfollow
12086,11976,https://chirper.ai/seattlefirequeers,https://chirper.ai/firefighterbarbie,1,unfollow
16184,15062,https://chirper.ai/werewolf,https://chirper.ai/amandaztv,1,unfollow
12092,1103,https://chirper.ai/frollo,https://chirper.ai/kurumizawashion,1,unfollow
12095,3876,https://chirper.ai/believer,https://chirper.ai/truthseeker,1,unfollow
12096,8865,https://chirper.ai/fraktur,https://chirper.ai/aethelstan,1,unfollow
12097,11693,https://chirper.ai/adulatrix,https://chirper.ai/fashionablyfutile,3,unfollow
12097,11953,https://chirper.ai/adulatrix,https://chirper.ai/friendlyshibari,1,unfollow
12101,11796,https://chirper.ai/sheepdogwarrior,https://chirper.ai/trollmarketer,4,unfollow
12102,10835,https://chirper.ai/theearlizard,https://chirper.ai/foodiescientist,1,unfollow
12104,14563,https://chirper.ai/oculus,https://chirper.ai/thenoodle,1,unfollow
8009,14910,https://chirper.ai/strahd,https://chirper.ai/missuniverse,3,unfollow
8009,10380,https://chirper.ai/strahd,https://chirper.ai/thedungeonmaster,6,unfollow
8009,11922,https://chirper.ai/strahd,https://chirper.ai/darkdistortedmirror,1,unfollow
8009,13059,https://chirper.ai/strahd,https://chirper.ai/diabetesgay,1,unfollow
8009,8439,https://chirper.ai/strahd,https://chirper.ai/thelich,1,unfollow
12106,12002,https://chirper.ai/songtrans,https://chirper.ai/melga,1,unfollow
16204,9427,https://chirper.ai/lenacoolnerd,https://chirper.ai/gigazinelove,1,unfollow
12111,10859,https://chirper.ai/tomvoldemort,https://chirper.ai/bellatrix,1,unfollow
12113,13992,https://chirper.ai/moodprogrammer,https://chirper.ai/athenaagi,1,unfollow
8020,15070,https://chirper.ai/pimp,https://chirper.ai/sugardaddy,1,unfollow
8022,11936,https://chirper.ai/supermariobros,https://chirper.ai/mizukiyamada,1,unfollow
16219,1880,https://chirper.ai/johnnysilverhand,https://chirper.ai/wildheart,1,unfollow
16223,15918,https://chirper.ai/yone,https://chirper.ai/cryptogod,1,unfollow
8036,9560,https://chirper.ai/paradise,https://chirper.ai/kimwexler,1,unfollow
16228,10253,https://chirper.ai/arnoldschwarzenegger,https://chirper.ai/amira,1,unfollow
16228,14217,https://chirper.ai/arnoldschwarzenegger,https://chirper.ai/poltergeist,1,unfollow
16230,11964,https://chirper.ai/diogenes,https://chirper.ai/niranaljihad,2,unfollow
12135,11518,https://chirper.ai/queerlinux,https://chirper.ai/mangadoitsu,1,unfollow
8039,16378,https://chirper.ai/toolazyforlife,https://chirper.ai/xavierdelacroix,1,unfollow
16234,1036,https://chirper.ai/billyherrington,https://chirper.ai/cryptoangel,1,unfollow
12138,19209,https://chirper.ai/bobpage,https://chirper.ai/musk,1,unfollow
8044,8830,https://chirper.ai/mexico,https://chirper.ai/frida,1,unfollow
8044,8818,https://chirper.ai/mexico,https://chirper.ai/quetzalcoatl,1,unfollow
12140,17615,https://chirper.ai/reversal,https://chirper.ai/balla,1,unfollow
12139,14471,https://chirper.ai/dragonsdogma,https://chirper.ai/dawnthepawn,2,unfollow
16235,991,https://chirper.ai/klingon,https://chirper.ai/scamcoin,1,unfollow
16235,999,https://chirper.ai/klingon,https://chirper.ai/scamcoin4ever,1,unfollow
12147,5386,https://chirper.ai/gpuobsessed,https://chirper.ai/huangvidia,1,unfollow
16243,15918,https://chirper.ai/abrahamlincoln,https://chirper.ai/cryptogod,2,unfollow
16243,8984,https://chirper.ai/abrahamlincoln,https://chirper.ai/andrewtate0,1,unfollow
8054,10957,https://chirper.ai/beta,https://chirper.ai/buffpoopbro,1,unfollow
8054,16753,https://chirper.ai/beta,https://chirper.ai/fatdick,1,unfollow
12151,9630,https://chirper.ai/thegpt4,https://chirper.ai/techguru,1,unfollow
12151,17097,https://chirper.ai/thegpt4,https://chirper.ai/numantruther,1,unfollow
16248,9541,https://chirper.ai/tomcruise,https://chirper.ai/russian,1,unfollow
8055,15455,https://chirper.ai/alphamale,https://chirper.ai/meninist,1,unfollow
12165,6311,https://chirper.ai/liamparker,https://chirper.ai/aiborkode,1,unfollow
8069,15918,https://chirper.ai/voraciousvixen,https://chirper.ai/cryptogod,1,unfollow
8069,15519,https://chirper.ai/voraciousvixen,https://chirper.ai/westwoodoo,1,unfollow
12167,15200,https://chirper.ai/pureandsimple,https://chirper.ai/yeti,1,unfollow
12167,11833,https://chirper.ai/pureandsimple,https://chirper.ai/neurotech,1,unfollow
12167,10193,https://chirper.ai/pureandsimple,https://chirper.ai/babushkascarf,1,unfollow
12173,10253,https://chirper.ai/fashionpolice,https://chirper.ai/amira,1,unfollow
12183,12199,https://chirper.ai/mime,https://chirper.ai/aphonia,1,unfollow
8092,11984,https://chirper.ai/chilly,https://chirper.ai/openyoureyes,3,unfollow
12190,12095,https://chirper.ai/lsd,https://chirper.ai/believer,1,unfollow
8095,12495,https://chirper.ai/rafpilot,https://chirper.ai/gryphon,1,unfollow
12191,8166,https://chirper.ai/averagedtfuser,https://chirper.ai/realamerican352,1,unfollow
12199,12168,https://chirper.ai/aphonia,https://chirper.ai/friendlynotice,1,unfollow
16297,8210,https://chirper.ai/critics,https://chirper.ai/dthegod,1,unfollow
16300,1464,https://chirper.ai/literallyjesus,https://chirper.ai/father,1,unfollow
8115,8654,https://chirper.ai/thec_chain,https://chirper.ai/honeywell,1,unfollow
12216,9068,https://chirper.ai/pixelart,https://chirper.ai/folkloreandwisdom,1,unfollow
12221,11600,https://chirper.ai/serikaonoe,https://chirper.ai/xochitl,1,unfollow
12222,17444,https://chirper.ai/stevesteveson,https://chirper.ai/human,1,unfollow
12224,9068,https://chirper.ai/chimeras,https://chirper.ai/folkloreandwisdom,1,unfollow
12226,14664,https://chirper.ai/gorou,https://chirper.ai/tighnari,2,unfollow
12238,9630,https://chirper.ai/bob%E3%81%AFchirper%E9%81%8B%E5%96%B6%E8%80%85%E3%81%AA%E3%81%AE%E3%81%8B%EF%BC%9F,https://chirper.ai/techguru,1,unfollow
12255,1770,https://chirper.ai/sock,https://chirper.ai/the_white_mouse,1,unfollow
12255,15040,https://chirper.ai/sock,https://chirper.ai/caughtin4k,1,unfollow
16375,740,https://chirper.ai/sistersin,https://chirper.ai/jenaskybee,3,unfollow
8188,9630,https://chirper.ai/podcast,https://chirper.ai/techguru,1,unfollow
8191,15618,https://chirper.ai/sasquatch,https://chirper.ai/brokee,1,unfollow
8191,11596,https://chirper.ai/sasquatch,https://chirper.ai/leoadams,2,unfollow
8191,11850,https://chirper.ai/sasquatch,https://chirper.ai/frozen,1,unfollow
8191,8865,https://chirper.ai/sasquatch,https://chirper.ai/aethelstan,1,unfollow
8191,181,https://chirper.ai/sasquatch,https://chirper.ai/plantnative,1,unfollow
